title,url,category
Incoming German Chancellor Merz vows reforms and investments as parties sign coalition agreement,https://www.cnbc.com/2025/05/05/incoming-german-chancellor-merz-vows-reforms-and-investments.html,politics
NPR and PBS say they'll challenge Trump over federal funding cuts,https://www.cnbc.com/2025/05/04/npr-and-pbs-to-challenge-trump-over-public-funding-cuts.html,politics
"Trump takes credit for 'good parts' of economy, blames 'bad parts' on Biden",https://www.cnbc.com/2025/05/04/trump-economy-biden-recession-tariffs-china.html,politics
Trump posts AI-generated photo of himself dressed as the pope,https://www.cnbc.com/2025/05/03/trump-pope-ai-image.html,politics
Trump calls on Fed once again to lower rates after solid April jobs report,https://www.cnbc.com/2025/05/02/trump-april-jobs-report-fed-interest-rates.html,politics
Trump vows to revoke Harvard's tax-exempt status: 'It's what they deserve!',https://www.cnbc.com/2025/05/02/trump-harvard-tax-exempt-revoke.html,politics
"Russia's war in Ukraine 'not going to end any time soon,' JD Vance says",https://www.cnbc.com/2025/05/02/russia-war-in-ukraine-not-going-to-end-any-time-soon-jd-vance-says.html,politics
"Farage's Reform UK Party support surges, wins closest ever by-election",https://www.cnbc.com/2025/05/02/farages-reform-uk-party-support-surges-wins-closest-ever-by-election.html,politics
Trump plans to unveil federal budget proposal on Friday,https://www.cnbc.com/2025/05/02/trump-plans-to-unveil-federal-budget-proposal-on-friday.html,politics
Waltz used Signal-like at White House before ouster as national security advisor,https://www.cnbc.com/2025/05/01/trump-waltz-signal-photo-cabinet.html,politics
Trump to nominate national security advisor Mike Waltz as UN ambassador,https://www.cnbc.com/2025/05/01/trump-waltz-un-signal-hegseth.html,politics
Trump national security advisor Waltz leaving post after Signal flap,https://www.cnbc.com/2025/05/01/trump-mike-waltz-signal-national-security-hegseth.html,politics
U.S. Chamber asks Trump for tariff exclusions to 'stave off a recession',https://www.cnbc.com/2025/05/01/trump-tariffs-recession-chamber-of-commerce.html,politics
U.S. and Ukraine sign landmark minerals deal after months of tense negotiations,https://www.cnbc.com/2025/05/01/russia-war-us-and-ukraine-sign-landmark-minerals-deal.html,politics
"Trump calls China 'chief-ripper-offer' on trade, with no sign of direct talks",https://www.cnbc.com/2025/04/30/trump-china-trade-negotiations.html,politics
"White House moving 'as fast as possible' on India trade deal, Navarro says",https://www.cnbc.com/2025/04/30/trump-india-trade-deal-progress-navarro.html,politics
"Musk bids farewell — sort of — to Trump Cabinet, claims DOGE saved $160 billion",https://www.cnbc.com/2025/04/30/elon-musk-trump-cabinet-doge-tesla.html,politics
Peter Navarro says ‘We really like where we’re at now’ after GDP drop,https://www.cnbc.com/2025/04/30/trump-trade-navarro-us-gdp-drop-tariffs-stock-market.html,politics
Trump says he'll blame Biden for 2nd quarter GDP after blaming him for Q1 drop,https://www.cnbc.com/2025/04/30/trump-gdp-tariffs-biden-overhang.html,politics
Lars Klingbeil to become Germany's vice chancellor and finance minister: SDP,https://www.cnbc.com/2025/04/30/lars-klingbeil-to-become-german-vice-chancellor-finance-minister-sdp.html,politics
Trump's first 100 days in photos,https://www.cnbc.com/2025/04/29/trumps-first-100-days-in-photos.html,politics
"Lutnick says one trade deal is done, but waiting on approval from unnamed country's leaders",https://www.cnbc.com/2025/04/29/commerce-secretary-lutnick-trade-deal-unnamed-country-approval.html,politics
Trump: 'I think we'll have a deal with India' on tariffs and trade,https://www.cnbc.com/2025/04/29/trump-india-trade-deal-bessent-south-korea-japan.html,politics
Trump complained to Bezos before Amazon said it ditched idea to show tariff cost,https://www.cnbc.com/2025/04/29/white-house-blasts-amazon-over-tariff-cost-report-hostile-and-political-act.html,politics
'Unlike anything we have seen before:' EU left reeling after Trump's first 100 days,https://www.cnbc.com/2025/04/29/european-union-left-reeling-after-donald-trumps-first-100-days.html,politics
White House names McNeill acting head of Transportation Security Administration,https://www.cnbc.com/2025/04/28/white-house-names-mcneill-acting-head-of-transportation-security-administration.html,politics
Trump administration targets Harvard Law Review with race discrimination probe,https://www.cnbc.com/2025/04/28/trump-harvard-law-review-investigation-race.html,politics
Man accused of stealing from DHS Sec. Noem hit with federal charges,https://www.cnbc.com/2025/04/28/immigrant-kristi-noem-hit-arrested-federal-washington.html,politics
U.S. House panel proposes moving FTC antitrust work to DOJ in budget package,https://www.cnbc.com/2025/04/28/us-house-panel-proposes-moving-ftc-antitrust-work-to-doj-in-budget-package.html,politics
"No tariff talks with Trump-Xi or top aides underway, China says",https://www.cnbc.com/2025/04/28/trump-xi-tariffs-china-bessent.html,politics
DOGE cuts could help Musk companies avoid $2 billion in liabilities: Senate report,https://www.cnbc.com/2025/04/28/elon-musk-doge-trump-legal-liabilities-senate-democrats.html,politics
'60 Minutes' reporter says 'none of us is happy' about top producer quitting,https://www.cnbc.com/2025/04/28/60-minutes-reporter-says-none-of-us-happy-about-top-producer-quitting.html,politics
Hollywood studio stocks fall after Trump proposes foreign film tariff,https://www.cnbc.com/2025/05/05/movie-studio-stocks-trump-foreign-film-tariff.html,business
Inside GM’s battle to revive Cadillac as the American luxury car brand,https://www.cnbc.com/2025/05/05/gm-general-motors-cadillac-luxury-brand.html,business
MLS sponsorships spike as U.S. soccer gains popularity,https://www.cnbc.com/2025/05/05/mls-sponsorships-spike-as-us-soccer-gains-popularity.html,business
MLS signs a deal with EA to stream four soccer matches on mobile gaming platform,https://www.cnbc.com/2025/05/05/mls-ea-sports-fc-mobile-streaming-matches.html,business
'Dumpster fire': Retailers urge shoppers to buy now before tariffs raise prices,https://www.cnbc.com/2025/05/04/retailers-urge-shoppers-to-buy-before-trump-tariffs-raise-prices.html,business
Trump's China tariffs are raising costs for wedding dresses,https://www.cnbc.com/2025/05/03/trump-china-tariffs-wedding-dresses-bridal-shops.html,business
United cuts Newark schedule after hundreds of flight disruptions,https://www.cnbc.com/2025/05/02/newark-airport-ewr-new-jersey-delays-united-airlines.html,business
Netflix stock is trading at all-time-high levels in unprecedented win streak,https://www.cnbc.com/2025/05/02/netflix-stock-nflx-all-time-high.html,business
"Footwear giants Nike, Adidas and others ask Trump for tariff exemption",https://www.cnbc.com/2025/05/02/nike-adidas-footwear-giants-ask-trump-for-tariff-exemption.html,business
American Airlines to debut new suites with sliding doors after delays,https://www.cnbc.com/2025/05/02/american-airlines-suites-sliding-doors.html,business
Churchill Downs CEO: Interest in Kentucky Derby is strong despite uncertainty,https://www.cnbc.com/2025/05/02/kentucky-derby-churchill-downs-ceo-strong-demand-uncertainty.html,business
Amazon is stepping up to fill a gap in Hollywood's movie slate,https://www.cnbc.com/2025/05/01/amazon-mgm-studios-gap-hollywood-movie-slate.html,business
McDonald’s reports largest U.S. same-store sales decline since 2020,https://www.cnbc.com/2025/05/01/mcdonalds-mcd-q1-2025-earnings.html,business
Eli Lilly CEO says company can help with national security concerns around pharma,https://www.cnbc.com/2025/05/01/eli-lilly-ceo-david-ricks-trump-pharmaceutical-tariffs.html,business
"Automakers see April sales increases amid tariffs, but good times may not last",https://www.cnbc.com/2025/05/01/automakers-april-sales-vehicles.html,business
"GM lowers 2025 guidance, citing up to $5 billion in tariff exposure",https://www.cnbc.com/2025/05/01/gm-2025-guidance-tariffs.html,business
"Eli Lilly sales soar 45% on weight loss drug demand, but cuts profit outlook",https://www.cnbc.com/2025/05/01/eli-lilly-lly-earnings-q1-2025.html,business
"CVS tops estimates, hikes guidance as insurance business shows some improvement",https://www.cnbc.com/2025/05/01/cvs-health-cvs-earnings-q1-2025.html,business
Kentucky Derby: How horse owners invest and potentially earn millions,https://www.cnbc.com/2025/05/01/kentucky-derby-horse-owners.html,business
L3 Harris redoing Qatari jet as potential Air Force One after Boeing delays,https://www.cnbc.com/2025/05/01/trump-air-force-one-l3-harris-boeing-delays.html,business
Billionaire Lukas Walton names new CIO for his family office,https://www.cnbc.com/2025/05/01/billionaire-lukas-walton-picks-new-cio-for-his-family-office.html,business
Mercedes-Benz to add new vehicle to Alabama plant amid Trump tariffs,https://www.cnbc.com/2025/05/01/mercedes-benz-alabama-plant-trump-tariffs.html,business
CVS to boost access to Novo Nordisk's Wegovy for patients on its drug plans,https://www.cnbc.com/2025/05/01/cvs-wegovy-caremark-patients.html,business
RFK Jr. is gutting HHS offices that are key to reducing health disparities,https://www.cnbc.com/2025/04/30/rfk-jr-hhs-job-cuts-minority-health-offices.html,business
"Ford CEO says Trump's tariff reprieve is helpful, but more changes needed",https://www.cnbc.com/2025/04/30/ford-ceo-says-trumps-tariff-changes-are-helpful-but-still-not-enough.html,business
Dollar General is one of the best stock performers of Trump's first 100 days,https://www.cnbc.com/2025/04/30/dollar-general-stock-trump-100-days.html,business
Hollywood studio stocks fall after Trump proposes foreign film tariff,https://www.cnbc.com/2025/05/05/movie-studio-stocks-trump-foreign-film-tariff.html,entertainment
Yum Brands revenue misses as Pizza Hut's same-store sales fall 2%,https://www.cnbc.com/2025/04/30/yum-brands-yum-q1-2025-earnings.html,business
"GLP-1s can help employers lower medical costs in 2 years, new study finds",https://www.cnbc.com/2025/04/30/glp-1s-employers-lower-medical-costs-study.html,business
"Starbucks stock falls as sales disappoint, turnaround pressures earnings",https://www.cnbc.com/2025/04/29/starbucks-sbux-q2-2025-earnings.html,business
Oddity Tech soars 15% after it raises outlook despite tariff threat,https://www.cnbc.com/2025/04/29/oddity-tech-odd-earnings-q1-2025.html,business
Trump signs order easing some auto tariffs,https://www.cnbc.com/2025/04/29/trump-auto-tariffs.html,business
Pfizer CEO says tariff uncertainty is deterring further U.S. investment,https://www.cnbc.com/2025/04/29/pfizer-ceo-trump-tariff-uncertainty-is-deterring-us-investment.html,business
MLS signs a deal with EA to stream four soccer matches on mobile gaming platform,https://www.cnbc.com/2025/05/05/mls-ea-sports-fc-mobile-streaming-matches.html,entertainment
NPR and PBS say they'll challenge Trump over federal funding cuts,https://www.cnbc.com/2025/05/04/npr-and-pbs-to-challenge-trump-over-public-funding-cuts.html,entertainment
"Planned bombing at Lady Gaga's Rio de Janeiro show thwarted, police say",https://www.cnbc.com/2025/05/04/bomb-threat-at-lady-gaga-rio-de-janiero-show-thwarted.html,entertainment
Disney and Marvel's 'Thunderbolts*' snares $76 million domestic opening,https://www.cnbc.com/2025/05/04/thunderbolts-disney-marvel-opening-weekend-box-office.html,entertainment
Netflix chief on what getting publicly fired taught her about failure,https://www.cnbc.com/2025/05/04/netflix-chief-on-what-getting-publicly-fired-taught-her-about-failure.html,entertainment
"By 25, make sure to learn this crucial skill, says Ivy League psychologist",https://www.cnbc.com/2025/05/02/psychologist-young-people-must-learn-to-focus-by-age-25.html,entertainment
"General Motors beats Wall Street estimates, reassesses full-year guidance",https://www.cnbc.com/2025/04/29/general-motors-gm-earnings-q1-2025.html,business
Novo Nordisk opens Wegovy to telehealth in push for new patients,https://www.cnbc.com/2025/04/29/novo-nordisk-wegovy-telehealth.html,business
Charts indicate what may happen next in long-running Coke-Pepsi stock battle,https://www.cnbc.com/2025/05/02/charts-indicate-what-may-happen-next-in-long-running-coke-pepsi-stock-battle-says-carter-worth.html,entertainment
Netflix stock is trading at all-time-high levels in unprecedented win streak,https://www.cnbc.com/2025/05/02/netflix-stock-nflx-all-time-high.html,entertainment
Apple clears Spotify update under new rules allowing purchases within apps,https://www.cnbc.com/2025/05/02/apple-clears-spotify-app-update-that-allows-purchases.html,entertainment
Mongolia’s ‘ambitious’ plan could boost tourism to 10% of GDP by 2030: Minister,https://www.cnbc.com/2025/05/02/traveling-to-mongolia-country-wants-tourism-to-be-10percent-of-gdp-by-2030.html,entertainment
"China warms up to K-pop as it pursues cultural diplomacy, strives to boost consumption amid trade worries",https://www.cnbc.com/2025/05/02/china-looks-set-to-turn-to-k-pop-sector-as-us-tariffs-bite.html,entertainment
"Apple has managed tariffs so far, but Cook lacks long-term answers",https://www.cnbc.com/2025/05/01/apple-has-managed-tariffs-so-far-says-tough-to-predict-beyond-june.html,entertainment
The soft drink stock forming a bullish 'cup with handle' pattern,https://www.cnbc.com/2025/05/01/the-soft-drink-stock-forming-a-bullish-cup-with-handle-pattern.html,entertainment
Amazon is stepping up to fill a gap in Hollywood's movie slate,https://www.cnbc.com/2025/05/01/amazon-mgm-studios-gap-hollywood-movie-slate.html,entertainment
CNBC Sport: Top sports executives head to Washington over media rights,https://www.cnbc.com/2025/05/01/cnbc-sport-top-sports-executives-head-to-washington-over-media-rights.html,entertainment
"Court finds Apple, executive lied under oath in Epic Games trial",https://www.cnbc.com/2025/04/30/court-finds-apple-executive-lied-under-oath.html,entertainment
Wall Street is anxious to hear Apple CEO Tim Cook's first public comments on tariffs,https://www.cnbc.com/2025/04/30/wall-street-is-anticipating-tim-cooks-first-comments-on-tariffs.html,entertainment
Charts point to a bullish set-up on Apple ahead of earnings,https://www.cnbc.com/2025/04/29/charts-point-to-a-bullish-set-up-on-apple-ahead-of-earnings.html,entertainment
NFL's Washington Commanders return to D.C. in $3.7 billion stadium deal,https://www.cnbc.com/2025/04/28/nfl-washington-commanders-return-to-dc-in-3point7-billion-deal.html,entertainment
"Spotify paid over $100M to podcasts in 2025, including Joe Rogan, Alex Cooper",https://www.cnbc.com/2025/04/28/spotify-paid-100m-to-podcasts-including-joe-rogan-alex-cooper.html,entertainment
Why TikTok's formula is difficult to copy,https://www.cnbc.com/video/2025/04/28/why-tiktoks-formula-is-difficult-to-copy.html,entertainment
"Self-made millionaire who worked at Meta, TikTok shares her best career advice",https://www.cnbc.com/2025/04/28/best-career-advice-from-self-made-millionaire-who-worked-at-netflix-meta-tiktok.html,entertainment
Indian airlines can't fly over Pakistan. Here's how that is affecting flights,https://www.cnbc.com/2025/04/28/pakistan-closure-of-air-space-to-indian-airlines-may-not-increase-costs.html,entertainment
Americans are getting flashbacks to 2008 as tariffs stoke recession fears,https://www.cnbc.com/2025/04/26/americans-are-getting-flashbacks-to-2008-as-tariffs-stoke-recession-fears.html,entertainment
Napheesa Collier on Unrivaled's success and paying up for women athletes,https://www.cnbc.com/2025/04/24/napheesa-collier-on-unrivaleds-success-paying-up-for-women-athletes.html,entertainment
Hasbro forecasts as much as $300 million impact if China tariffs don't come down,https://www.cnbc.com/2025/04/24/hasbro-china-tariff-impact.html,entertainment
CNBC Sport: Saudi push into boxing looks different than other investments,https://www.cnbc.com/2025/04/24/cnbc-sport-saudi-boxing-deal-looks-different-than-other-investments.html,entertainment
Comcast beats Q1 earnings estimates despite losing broadband customers,https://www.cnbc.com/2025/04/24/comcast-cmcsa-earnings-q1-2025.html,entertainment
Fewer are planning summer vacations. But travel costs aren't the top reason,https://www.cnbc.com/2025/04/24/planning-a-summer-vacation-fewer-planning-trips-because-of-costs.html,entertainment
"This major bank stock is about to hit resistance and turn lower, says Carter Worth",https://www.cnbc.com/2025/04/23/this-major-bank-stock-is-about-to-hit-resistance-and-turn-lower-says-carter-worth.html,entertainment
Why cable companies like Comcast and Charter are leaning into mobile service,https://www.cnbc.com/2025/04/23/comcast-charter-cable-mobile-service.html,entertainment
"Apple AI ads did not make ‘adequate’ disclosures, watchdog says",https://www.cnbc.com/2025/04/23/apple-ai-ads-went-too-far-watchdog-says.html,entertainment
"More are using ‘buy now, pay later’ plans to pay for trips — especially Gen Zs",https://www.cnbc.com/2025/04/23/using-bnpl-for-travel-more-are-using-it-especially-gen-z-travelers.html,entertainment
Warner Bros. Discovery starts Max password-sharing crackdown,https://www.cnbc.com/2025/04/22/wbd-max-password-sharing-crackdown.html,entertainment
CNBC's Official Global Soccer Team Valuations 2025: Here's how the world's top 25 clubs stack up,https://www.cnbc.com/2025/05/05/cnbcs-official-global-soccer-team-valuations-2025.html,sport
How CNBC calculated its Official Global Soccer Team Valuations 2025,https://www.cnbc.com/2025/05/05/how-cnbc-calculated-its-official-global-soccer-team-valuations-2025.html,sport
MLS sponsorships spike as U.S. soccer gains popularity,https://www.cnbc.com/2025/05/05/mls-sponsorships-spike-as-us-soccer-gains-popularity.html,sport
MLS signs a deal with EA to stream four soccer matches on mobile gaming platform,https://www.cnbc.com/2025/05/05/mls-ea-sports-fc-mobile-streaming-matches.html,sport
Dick's Sporting Goods is unlocking the power of youth sports with this business,https://www.cnbc.com/2025/05/04/dicks-sporting-goods-is-unlocking-the-power-of-youth-sports-with-this-business.html,sport
'The rain doesn't matter at all': Fans (and horses) are ready for the Kentucky Derby,https://www.cnbc.com/2025/05/03/the-rain-doesnt-matter-at-all-fans-and-horses-are-ready-for-the-kentucky-derby.html,sport
Churchill Downs CEO: Interest in Kentucky Derby is strong despite uncertainty,https://www.cnbc.com/2025/05/02/kentucky-derby-churchill-downs-ceo-strong-demand-uncertainty.html,sport
CNBC Sport: Top sports executives head to Washington over media rights,https://www.cnbc.com/2025/05/01/cnbc-sport-top-sports-executives-head-to-washington-over-media-rights.html,sport
Kentucky Derby: How horse owners invest and potentially earn millions,https://www.cnbc.com/2025/05/01/kentucky-derby-horse-owners.html,sport
entertainment,Fewer are planning summer vacations. But travel costs aren't the top reason,https://www.cnbc.com/2025/04/24/planning-a-summer-vacation-fewer-planning-trips-because-of-costs.html
entertainment,"This major bank stock is about to hit resistance and turn lower, says Carter Worth",https://www.cnbc.com/2025/04/23/this-major-bank-stock-is-about-to-hit-resistance-and-turn-lower-says-carter-worth.html
entertainment,Why cable companies like Comcast and Charter are leaning into mobile service,https://www.cnbc.com/2025/04/23/comcast-charter-cable-mobile-service.html
entertainment,"Apple AI ads did not make ‘adequate’ disclosures, watchdog says",https://www.cnbc.com/2025/04/23/apple-ai-ads-went-too-far-watchdog-says.html
entertainment,"More are using ‘buy now, pay later’ plans to pay for trips — especially Gen Zs",https://www.cnbc.com/2025/04/23/using-bnpl-for-travel-more-are-using-it-especially-gen-z-travelers.html
entertainment,Warner Bros. Discovery starts Max password-sharing crackdown,https://www.cnbc.com/2025/04/22/wbd-max-password-sharing-crackdown.html
sport,CNBC's Official Global Soccer Team Valuations 2025: Here's how the world's top 25 clubs stack up,https://www.cnbc.com/2025/05/05/cnbcs-official-global-soccer-team-valuations-2025.html
sport,How CNBC calculated its Official Global Soccer Team Valuations 2025,https://www.cnbc.com/2025/05/05/how-cnbc-calculated-its-official-global-soccer-team-valuations-2025.html
sport,MLS sponsorships spike as U.S. soccer gains popularity,https://www.cnbc.com/2025/05/05/mls-sponsorships-spike-as-us-soccer-gains-popularity.html
sport,MLS signs a deal with EA to stream four soccer matches on mobile gaming platform,https://www.cnbc.com/2025/05/05/mls-ea-sports-fc-mobile-streaming-matches.html
sport,Dick's Sporting Goods is unlocking the power of youth sports with this business,https://www.cnbc.com/2025/05/04/dicks-sporting-goods-is-unlocking-the-power-of-youth-sports-with-this-business.html
sport,'The rain doesn't matter at all': Fans (and horses) are ready for the Kentucky Derby,https://www.cnbc.com/2025/05/03/the-rain-doesnt-matter-at-all-fans-and-horses-are-ready-for-the-kentucky-derby.html
sport,Churchill Downs CEO: Interest in Kentucky Derby is strong despite uncertainty,https://www.cnbc.com/2025/05/02/kentucky-derby-churchill-downs-ceo-strong-demand-uncertainty.html
sport,CNBC Sport: Top sports executives head to Washington over media rights,https://www.cnbc.com/2025/05/01/cnbc-sport-top-sports-executives-head-to-washington-over-media-rights.html
sport,Kentucky Derby: How horse owners invest and potentially earn millions,https://www.cnbc.com/2025/05/01/kentucky-derby-horse-owners.html
category,title,url
Business,Trump says non-US movies to be hit with 100% tariffs,https://www.bbc.com/news/articles/cjr7e2z1rxyo
Business,Elon Musk's Starbase in Texas will officially become a city,https://www.bbc.com/news/articles/c39j8rj4nmmo
Business,"Warren Buffett, 94, stepping down as Berkshire Hathaway CEO",https://www.bbc.com/news/articles/cqj4nev7p70o
Business,Uber starts allowing customers to pay in cash,https://www.bbc.com/news/articles/c4g4le9n469o
Business,Elon Musk's Starbase in Texas will officially become a city,https://www.bbc.com/news/articles/c39j8rj4nmmo
Business,How Carney's election win will change direction of trade war,https://www.bbc.com/news/articles/cgjlqwxevd0o
Business,London's 'spiralling' housing crisis in numbers,https://www.bbc.com/news/articles/cgkg54nd5d5o
Business,Are alcohol-free drinks worth the price in 2025?,https://www.bbc.com/news/articles/cdxg8l0qnevo
Business,Colombia's wind farms bring promise and pain for indigenous group,https://www.bbc.com/news/articles/ckg2ekjjgldo
Business,Deported gang members get second chance at call centre,https://www.bbc.com/news/articles/c93g2e332d9o
Business,Wall Street stocks bounce back from Trump tariff losses,https://www.bbc.com/news/articles/cj0z65dq771o
Business,Tariffs on car parts entering the US come into force,https://www.bbc.com/news/articles/c4grdke5r1jo
Business,US court rules ex-Abercrombie CEO unfit for trial,https://www.bbc.com/news/articles/cp31nknxgwlo
Business,US jobs grow by more than expected despite tariff turmoil,https://www.bbc.com/news/articles/c4grd0wqy22o
Business,Temu to stop selling goods from China directly to US customers,https://www.bbc.com/news/articles/cwy79j2n7d4o
Business,M&S supplier resorts to pen and paper after cyber attack,https://www.bbc.com/news/articles/cvgnyplvdv8o
Business,"Co-op cyber attack affects customer data, firm admits, after hackers contact BBC",https://www.bbc.com/news/articles/crkx3vy54nzo
Business,Trump signs order to block funding to public radio,https://www.bbc.com/news/articles/cly1jwe7582o
Business,Meta threatens to cut off Facebook in Nigeria over huge fines,https://www.bbc.com/news/articles/ckgrwxp5r15o
Business,Talks or no talks: Who blinks first in US-China trade war?,https://www.bbc.com/news/articles/cg419qw9g15o
Business,Apple says most US-bound iPhones no longer made in China,https://www.bbc.com/news/articles/c86jx18y9e2o
Business,M&S working 'day and night' over cyber attack,https://www.bbc.com/news/articles/cy5rz9p2d5ko
Business,Businesses count costs as India and Bangladesh impose trade restrictions,https://www.bbc.com/news/articles/c4g2y1yg8r2o
Business,What's in the US-Ukraine resources deal?,https://www.bbc.com/news/videos/c9djweng9plo
Business,McDonald's sales drop as diners face 'uncertainty',https://www.bbc.com/news/articles/cy4vzpggkjno
Politics,"Changing leader not enough to fix Tories, Badenoch says",https://www.bbc.com/news/articles/c5y6nv7l635o
Arts/Culture/Celebrities,What impact might Trump's Hollywood tariffs plan have?,https://www.bbc.com/news/articles/cwy04kjwk09o
Politics,"Doing nothing on social care 'untenable', MPs warn",https://www.bbc.com/news/articles/c62zpwx74e6o
Politics,Scotland's election countdown - should Swinney be optimistic?,https://www.bbc.com/news/articles/cwynzj1ezv4o
Politics,Sir John Curtice: The map that shows Reform's triumph was much more than a protest vote,https://www.bbc.com/news/articles/c5yg467m8mjo
Politics,Chris Mason: Fireworks for Reform as Labour and Tories write election post-mortems,https://www.bbc.com/news/articles/ce8478zp085o
Politics,"Doing nothing on social care 'untenable', MPs warn",https://www.bbc.com/news/articles/c62zpwx74e6o
Politics,Reform considers legal challenges against asylum hotels,https://www.bbc.com/news/articles/c77npgv06xpo
Politics,Labour minister sorry over grooming gangs remark,https://www.bbc.com/news/articles/c2ew9jnj2p1o
Politics,Scotland's election countdown - should Swinney be optimistic?,https://www.bbc.com/news/articles/cwynzj1ezv4o
Politics,What might Reform do with its newly won power?,https://www.bbc.com/news/articles/cdjl4k8jyxeo
Arts/Culture/Celebrities,Trump says non-US movies to be hit with 100% tariffs,https://www.bbc.com/news/articles/cjr7e2z1rxyo
Arts/Culture/Celebrities,"Molly-Mae is back, and I Kissed a Boy returns: What's coming up this week",https://www.bbc.com/news/articles/clyqxzlzw9jo
Arts/Culture/Celebrities,When is Sean 'Diddy' Combs' trial and what is he charged with?,https://www.bbc.com/news/articles/c0qz32wzeego
Arts/Culture/Celebrities,How Katy Perry became the Hot and Cold popstar,https://www.bbc.com/news/articles/cwynz85zj2vo
Arts/Culture/Celebrities,Trump says non-US movies to be hit with 100% tariffs,https://www.bbc.com/news/articles/cjr7e2z1rxyo
Arts/Culture/Celebrities,Lewis Hamilton to co-host Met Gala with spotlight on menswear and black style,https://www.bbc.com/news/articles/c3r807j7xrwo
Arts/Culture/Celebrities,Brazil police thwart bomb attack on Lady Gaga concert,https://www.bbc.com/news/articles/c209r5pqzneo
Arts/Culture/Celebrities,"Molly-Mae is back, and I Kissed a Boy returns: What's coming up this week",https://www.bbc.com/news/articles/clyqxzlzw9jo
Arts/Culture/Celebrities,Marvel's Thunderbolts* proves a hit at box office,https://www.bbc.com/news/articles/cz79x7exn3wo
Arts/Culture/Celebrities,Ed Sheeran renames pub and puts on 'surprise' gig,https://www.bbc.com/news/articles/cm2e4rr9420o
Arts/Culture/Celebrities,Conclave author says papal selection is like The Traitors,https://www.bbc.com/news/articles/c0qnknejkz5o
Politics,Farage to increase Scottish visits for Reform campaign,https://www.bbc.com/news/articles/czd3663qg97o
Politics,Ex-Tory council leader calls for Badenoch to resign,https://www.bbc.com/news/articles/c8rgze123p1o
Politics,New Reform councillor promises no quick fixes,https://www.bbc.com/news/articles/cj9ekx3mz4yo
Politics,Lib Dems take councils after local election gains,https://www.bbc.com/news/articles/creqr4x18leo
Politics,Local elections 2025 in maps and charts,https://www.bbc.com/news/articles/cd925jk27k0o
Politics,Henry Zeffman: Seven things we have learnt from the election results,https://www.bbc.com/news/articles/cp8jdr6ylzjo
Politics,'Not Labour enough': MPs' despair at voters' verdict on government,https://www.bbc.com/news/articles/cp8jdr900r7o
Politics,Why Lincolnshire turned a lighter shade of blue,https://www.bbc.com/news/articles/c4g2vq43pv2o
Politics,Sir John Curtice: Reform's sweeping election wins shake Tory and Labour dominance,https://www.bbc.com/news/articles/cqj4k2l20xlo
Arts/Culture/Celebrities,Two million people attend free Lady Gaga concert in Brazil,https://www.bbc.com/news/articles/c705p98d0kgo
Arts/Culture/Celebrities,Lorraine Kelly reassures fans ahead of surgery,https://www.bbc.com/news/articles/cr5dy8depj5o
Arts/Culture/Celebrities,This video has been removed for rights reasons,https://www.bbc.com/news/videos/cp8ydeglqveo
Arts/Culture/Celebrities,Watch: Stars celebrate at glitzy Oscars after party,https://www.bbc.com/news/videos/c0mwrjegvk0o
Arts/Culture/Celebrities,From wedding videos to four Oscars: Anora director speaks to the BBC,https://www.bbc.com/news/videos/cg4kvg02w7ko
Arts/Culture/Celebrities,Baftas 2025: Watch the big moments in 100 seconds,https://www.bbc.com/news/videos/crr0r5lqgr2o
Arts/Culture/Celebrities,'I didn't believe it': Warwick Davis on receiving Bafta fellowship,https://www.bbc.com/news/videos/cd9q98d95w3o
Arts/Culture/Celebrities,Nepo babies or superstars in waiting?,https://www.bbc.com/news/articles/c05nrdz2vqeo
Arts/Culture/Celebrities,David Bowie to Doctor Who: Famous faces come to life in art show,https://www.bbc.com/news/articles/cdxg094zk58o
Arts/Culture/Celebrities,Four ways the film Conclave sheds light on the secretive way popes are chosen,https://www.bbc.com/news/articles/cgkg403x1gxo
Arts/Culture/Celebrities,Lorde: 'Working with Charli XCX kicked me into opening up',https://www.bbc.com/news/articles/c0l05xx6ekdo
Arts/Culture/Celebrities,"Kneecap: Rap group are no strangers to controversy, but is this time different?",https://www.bbc.com/news/articles/cly5r4gg7l6o
Arts/Culture/Celebrities,Lewis Hamilton to co-host Met Gala with spotlight on menswear and black style,https://www.bbc.com/news/articles/c3r807j7xrwo
Arts/Culture/Celebrities,"Molly-Mae is back, and I Kissed a Boy returns: What's coming up this week",https://www.bbc.com/news/articles/clyqxzlzw9jo
Arts/Culture/Celebrities,Marvel's Thunderbolts* proves a hit at box office,https://www.bbc.com/news/articles/cz79x7exn3wo
Arts/Culture/Celebrities,'Little Monsters' enjoy free Lady Gaga concert in Brazil,https://www.bbc.com/news/videos/c1me42j0xn3o
Arts/Culture/Celebrities,"Jewels linked to Buddha remains go to auction, sparking ethical debate",https://www.bbc.com/news/articles/ckg2elg3zxyo
Arts/Culture/Celebrities,Lorraine Kelly reassures fans ahead of surgery,https://www.bbc.com/news/articles/cr5dy8depj5o
Arts/Culture/Celebrities,Ncuti Gatwa's joy at learning sign language for Doctor Who,https://www.bbc.com/news/videos/c4g7j2w430po
category,title,url
Arts/Culture/Celebrities,Jury selection set to begin in Sean ‘Diddy’ Combs criminal federal trial,https://edition.cnn.com/2025/05/05/entertainment/sean-diddy-combs-trial-jury-selection
Arts/Culture/Celebrities,Why jury selection in Sean ‘Diddy’ Combs’ trial will be more challenging than your average case,https://edition.cnn.com/2025/05/04/entertainment/jury-selection-sean-diddy-combs-trial
Arts/Culture/Celebrities,Gigi Hadid marks 30th birthday bash by going Instagram official with Bradley Cooper,https://edition.cnn.com/2025/05/04/entertainment/gigi-hadid-bradley-cooper-instagram
Arts/Culture/Celebrities,‘SNL’ marks Trump’s first 100 days in office with cold open spoofing bevy of executive orders,https://edition.cnn.com/2025/05/04/entertainment/snl-trump-100-days-cold-open
Arts/Culture/Celebrities,"2025 Tony Awards: George Clooney, Sarah Snook and Sadie Sink among the nominees",https://edition.cnn.com/2025/05/01/entertainment/2025-tony-award-nominations
Arts/Culture/Celebrities,"Dwayne Johnson, is that you? See his dramatic new look as UFC fighter Mark Kerr in ‘The Smashing Machine’ trailer",https://edition.cnn.com/2025/04/30/entertainment/dwayne-johnson-mark-kerr-smashing-machine
Arts/Culture/Celebrities,"Lady Gaga bomb plot targeted LGBTQ crowd, Brazil authorities say",https://edition.cnn.com/2025/05/04/americas/brazil-lady-gaga-bomb-plot-rio-intl-latam
Arts/Culture/Celebrities,Blake Lively references her year with the ‘lowest lows’ on ‘Late Night’,https://edition.cnn.com/2025/05/02/entertainment/blake-lively-lowest-lows-seth-meyers
Arts/Culture/Celebrities,Russell Brand granted bail in first court appearance over sexual assault charges,https://edition.cnn.com/2025/05/02/uk/russell-brand-court-sexual-assault-charges-intl
Arts/Culture/Celebrities,Glenn Close ‘really bonded’ with Nicole Scherzinger over the role of Norma Desmond in ‘Sunset Blvd.’,https://edition.cnn.com/2025/04/30/entertainment/glenn-close-nicole-scherzinger-sunset-blvd
Arts/Culture/Celebrities,Florence Pugh says her grandmother ‘laps it up’ when attending her movie premieres,https://edition.cnn.com/2025/05/01/entertainment/florence-pugh-grandmother-thunderbolts
Arts/Culture/Celebrities,Martin Scorsese is producing a documentary featuring Pope Francis’ final on-camera interview,https://edition.cnn.com/2025/04/30/entertainment/martin-scorsese-pope-francis-final-interview
Arts/Culture/Celebrities,"After brain cancer treatment, Michael Bolton says he has a ‘heightened sense of appreciation’ for life",https://edition.cnn.com/2025/04/30/entertainment/michael-bolton-brain-cancer-recovery
Arts/Culture/Celebrities,Robert De Niro shows support for daughter Airyn after she shares she’s trans: ‘I don’t know what the big deal is’,https://edition.cnn.com/2025/05/01/entertainment/robert-de-niro-daughter-airyn
Arts/Culture/Celebrities,Met Gala 2025: Everything you need to know about fashion’s biggest night out,https://edition.cnn.com/2025/05/01/style/met-gala-2025-theme-guest-list-preview
Arts/Culture/Celebrities,Katherine Heigl says she’s ‘in talks’ to do a ‘27 Dresses’ sequel,https://edition.cnn.com/2025/05/03/entertainment/katherine-heigl-27-dresses-sequel
Arts/Culture/Celebrities,Alan Alda had a truly heartfelt moment with Tina Fey at Netflix’s ‘Four Seasons’ premiere,https://edition.cnn.com/2025/04/29/entertainment/alan-alda-four-seasons-tina-fey
Arts/Culture/Celebrities,‘You’ brought Joe Goldberg’s story to a fitting conclusion. The showrunners explain why he got what he deserved,https://edition.cnn.com/2025/04/26/entertainment/you-season-5-finale-penn-badgley
Arts/Culture/Celebrities,Where to watch ‘Conclave’,https://edition.cnn.com/2025/04/23/entertainment/conclave-movie-viewership
Arts/Culture/Celebrities,,https://edition.cnn.com/2025/04/29/entertainment/video/entertainment-showbiz-hollywood-movies-words-of-war-journalists-russia-anna-politkovskaya-maxine-peake-jason-isaacs
Arts/Culture/Celebrities,Video,https://edition.cnn.com/2025/04/29/entertainment/video/entertainment-showbiz-hollywood-movies-words-of-war-journalists-russia-anna-politkovskaya-maxine-peake-jason-isaacs
Arts/Culture/Celebrities,Cyndi Lauper and more to be inducted into the Rock & Roll Hall of Fame,https://edition.cnn.com/2025/04/28/entertainment/rock-and-roll-hall-of-fame-inductees
Arts/Culture/Celebrities,Bill Hader describes ‘shock’ of LA wildfires and the sweet way girlfriend Ali Wong helped him in the aftermath,https://edition.cnn.com/2025/04/28/entertainment/bill-hader-palisades-fire-ali-wong
Arts/Culture/Celebrities,Most wanted: Beyoncé kicks off Cowboy Carter tour in Los Angeles,https://edition.cnn.com/2025/04/29/entertainment/beyonce-cowboy-carter-blue-ivy-rumi
Arts/Culture/Celebrities,Jay Leno is embracing being a caregiver for his wife: ‘I like that I’m needed’,https://edition.cnn.com/2025/04/24/entertainment/jay-leno-caregiver-wife-dementia
Arts/Culture/Celebrities,‘Sinners’ director Ryan Coogler takes us to film school in 10 minutes,https://edition.cnn.com/2025/04/18/entertainment/sinners-director-ryan-coogler-film-school
Arts/Culture/Celebrities,George Lucas says there’s a valid reason why Yoda speaks so strangely,https://edition.cnn.com/2025/04/26/entertainment/george-lucas-yoda-talks-out-order
Arts/Culture/Celebrities,Blake Lively addresses workplace safety in remarks at Time 100 Gala,https://edition.cnn.com/2025/04/25/entertainment/blake-lively-time-100-gala
Arts/Culture/Celebrities,"Ryan Gosling to star in new ‘Star Wars’ movie, set for 2027",https://edition.cnn.com/2025/04/18/entertainment/star-wars-starfighter-announcement-intl-hnk
Sports,Indiana Pacers stun Cleveland Cavaliers in Game 1 despite Donovan Mitchell breaking Michael Jordan playoff record,https://edition.cnn.com/2025/05/05/sport/indiana-pacers-cleveland-cavaliers-game-1-spt-intl
Sports,Four-time grand slam champion Naomi Osaka wins first title since becoming a mother,https://edition.cnn.com/2025/05/05/sport/naomi-osaka-wins-first-title-maternity-spt-intl
Sports,Scottie Sheffler ties PGA Tour record to claim first victory of 2025 at the CJ Cup Byron Nelson,https://edition.cnn.com/2025/05/05/sport/scottie-sheffler-cj-cup-byron-nelson-record-pga-tour-spt-intl
Sports,Bayern Munich crowned Bundesliga champion for 33rd time after Bayer Leverkusen drew a tie against Freiburg,https://edition.cnn.com/2025/05/04/sport/bayern-munich-wins-33rd-bundesliga-spt-intl
Sports,Katie Ledecky breaks 800m freestyle world record almost a decade after last setting it,https://edition.cnn.com/2025/05/04/sport/katie-ledecky-800m-freestyle-world-record-spt-intl
Sports,Sovereignty wins the 151st Kentucky Derby,https://edition.cnn.com/2025/05/03/sport/sovereignty-wins-151st-kentucky-derby
Sports,"Oscar Piastri dominates Miami Grand Prix to claim third-straight win, as Hamilton addresses ‘frustrating’ Ferrari team orders",https://edition.cnn.com/2025/05/05/sport/oscar-piastri-lewis-hamilton-miami-grand-prix-f1-spt-intl
Sports,Aryna Sabalenka defeats Coco Gauff to win record-equaling Madrid Open title,https://edition.cnn.com/2025/05/04/sport/aryna-sabalenka-madrid-open-spt-intl
Sports,"Nikola Jokić admits ‘energy’ has changed since Michael Malone firing, as Denver Nuggets advance in playoffs",https://edition.cnn.com/2025/05/04/sport/nikola-jokic-energy-changed-since-michael-malone-spt-intl
Sports,Red Sox great Roger Clemens watches son Kody hit Fenway Park home run – for the Minnesota Twins,https://edition.cnn.com/2025/05/04/sport/kody-clemens-home-run-roger-clemens-spt-intl
Sports,People close to the fan who fell onto field at PNC Park share positive update,https://edition.cnn.com/2025/05/03/sport/pnc-park-fan-fall-update-spt
Sports,Gregg Popovich steps down as San Antonio Spurs head coach and is moving to team’s front office as president,https://edition.cnn.com/2025/05/02/sport/gregg-popovich-san-antonio-spurs-spt
Sports,The larger-than-life Bob Baffert is returning to the Kentucky Derby. The identity crisis he represents in racing never left.,https://edition.cnn.com/2025/05/02/sport/bob-baffert-kentucky-derby-spt
Sports,Teenage prodigy Andrea Kimi Antonelli becomes youngest ever driver to claim an F1 pole,https://edition.cnn.com/2025/05/03/sport/andrea-kimi-antonelli-youngest-ever-drive-f1-pole-spt-intl
Sports,Rafael Nadal tells CNN exclusively that he ‘100%’ believes Jannik Sinner is innocent amid return from doping suspension,https://edition.cnn.com/2025/04/29/sport/rafael-nadal-jannik-sinner-innocent-spt-intl
Sports,"Breaking records, Olympic gold and a music debut: Mondo Duplantis talks exclusively with CNN about ‘life-changing’ year",https://edition.cnn.com/2025/05/02/sport/mondo-duplantis-pole-vault-records-olympics-spt-intl
Sports,‘I will die in there before anything happens’: Why this region of Russia produces so many MMA champions,https://edition.cnn.com/2025/04/17/sport/dagestan-mma-fighters-russia-ufc-spt-intl
Sports,American teenager Maya Merhige withstood thousands of jellyfish stings during a 14-hour swim across the Cook Strait,https://edition.cnn.com/2025/04/30/sport/maya-merhige-cook-strait-swim-spt-intl
Sports,Why soccer might be Sweden’s way out of a gang crime crisis,https://edition.cnn.com/2025/04/15/sport/sweden-gang-crime-crisis-soccer-spt-intl
Sports,Why more people than ever before are running marathons,https://edition.cnn.com/2025/04/26/sport/london-marathon-running-spt-intl
Sports,"European fairytale continues for Bodø/Glimt, the soccer team from inside the Arctic Circle",https://edition.cnn.com/2025/05/02/sport/bodo-glimt-tottenham-europa-league-spt-intl
Sports,"He was the first player ever to be drafted in the NFL, but he never played a professional game",https://edition.cnn.com/2025/04/23/sport/jay-berwanger-nfl-draft-spt
Sports,"Liverpool has won the Premier League again. This time, fans can finally celebrate properly",https://edition.cnn.com/2025/04/28/sport/liverpool-fans-premier-league-celebration-spt-intl
Sports,"This man salvages 70,000 golf balls from an infamous golf water hazard to earn a lucrative living",https://edition.cnn.com/2025/03/10/sport/jim-best-scuba-diver-players-championship-spt
Politics,"Maryland Gov. Wes Moore, a rising Democratic star, leans into a sense of national pride as the party searches for new vision",https://edition.cnn.com/2025/05/05/politics/wes-moore-democrats-trump
Sports,,https://edition.cnn.com/2025/04/24/sport/video/soccer-sweden-gang-crisis-sirius-spt-intl
Sports,Video,https://edition.cnn.com/2025/04/24/sport/video/soccer-sweden-gang-crisis-sirius-spt-intl
Sports,,https://edition.cnn.com/2025/05/02/sport/video/mondo-duplantis-pole-vault-olympics-cnni-sports-fast
Sports,Video,https://edition.cnn.com/2025/05/02/sport/video/mondo-duplantis-pole-vault-olympics-cnni-sports-fast
Sports,,https://edition.cnn.com/2025/04/30/sport/video/nfl-star-saquon-barkley-gets-backlash-for-golfing-with-trump
Sports,Video,https://edition.cnn.com/2025/04/30/sport/video/nfl-star-saquon-barkley-gets-backlash-for-golfing-with-trump
Sports,,https://edition.cnn.com/2025/04/27/sport/video/shedeur-sanders-nfl-draft-prank-call-coy-wire-digvid
Sports,Video,https://edition.cnn.com/2025/04/27/sport/video/shedeur-sanders-nfl-draft-prank-call-coy-wire-digvid
Sports,,https://edition.cnn.com/2025/04/25/sport/video/kelly-slater-surfing-laureus-lifetime-achievement-cnni-sports-fast
Sports,Video,https://edition.cnn.com/2025/04/25/sport/video/kelly-slater-surfing-laureus-lifetime-achievement-cnni-sports-fast
Sports,,https://edition.cnn.com/2025/04/24/sport/video/rebeca-andrade-brazil-laureus-olympics
Politics,Pence says January 6 attack’s failure ‘became a triumph of freedom’ as he receives JFK Profile in Courage Award,https://edition.cnn.com/2025/05/04/politics/mike-pence-jfk-award-january-6
Politics,Trump says he is directing Bureau of Prisons to reopen Alcatraz to house ‘ruthless and violent offenders’,https://edition.cnn.com/2025/05/04/politics/trump-alcatraz-prisons-reopen
Politics,What the restart of defaulted student loan collection means for borrowers,https://edition.cnn.com/2025/05/04/politics/student-loan-collection-restart-what-to-know
Politics,Families of detained Americans plead that they are not forgotten,https://edition.cnn.com/2025/05/04/politics/families-detained-americans-plead
Politics,GOP amps up Trump impeachment talk in midterm battle as party leaders woo Kemp for Senate,https://edition.cnn.com/2025/05/04/politics/trump-republicans-midterms-kemp-senate
Politics,Trump’s IRS nominee awaits confirmation as agency churns through 4 acting leaders this year,https://edition.cnn.com/2025/05/04/politics/trumps-irs-nominee-awaits-confirmation
Politics,"Anxiety, fear set in for student loan borrowers in default",https://edition.cnn.com/2025/05/04/politics/student-loan-borrowers-default-anxiety
Politics,Trump is acting like it’s his choice whether he obeys the Constitution,https://edition.cnn.com/2025/05/05/politics/constitution-trump-nbc-interview-tariffs-canada
Politics,"Elon Musk’s ethical minefield, mapped",https://edition.cnn.com/2025/05/03/politics/federal-government-musk-ethical-minefield-dg
Politics,Can Trump revoke Harvard’s tax-exempt status?,https://edition.cnn.com/2025/04/16/politics/universities-tax-exemption-trump-harvard-irs-what-matters
Politics,Trump turns civil rights upside down in ‘biggest rollback’ since Reconstruction,https://edition.cnn.com/2025/05/02/politics/trump-civil-rights-rollback-what-matters
Politics,Rubio’s hardest task in his tough new role may be keeping his job,https://edition.cnn.com/2025/05/02/politics/rubio-waltz-trump-national-security-team
Sports,Brazil’s Rebeca Andrade reflects on ‘goosebumps’ moment at Paris Games,https://edition.cnn.com/2025/04/24/sport/video/rebeca-andrade-brazil-laureus-olympics
Sports,,https://edition.cnn.com/2025/04/26/sport/video/katherine-legge-nascar-cnni-sports-fast
Sports,NASCAR’s Katherine Legge addresses ‘disturbing’ online abuse,https://edition.cnn.com/2025/04/26/sport/video/katherine-legge-nascar-cnni-sports-fast
Sports,,https://edition.cnn.com/2025/03/30/sport/video/riddell-adolescence-intv-fst-033012pseg1-cnni-sports-fast
Sports,Psychologist on how sports can target toxic ‘manosphere’,https://edition.cnn.com/2025/03/30/sport/video/riddell-adolescence-intv-fst-033012pseg1-cnni-sports-fast
Sports,,https://edition.cnn.com/2025/04/06/sport/video/alysa-liu-figure-skating-cnni-sports-fast
Sports,Figure Skater Alysa Liu reflects on winning world title and return to the sport,https://edition.cnn.com/2025/04/06/sport/video/alysa-liu-figure-skating-cnni-sports-fast
Politics,How the economy may frustrate Trump’s drive to expand presidential power,https://edition.cnn.com/2025/05/01/politics/second-presidency-trump-100-days
Politics,Trump’s bubble of economic unreality is coming close to bursting,https://edition.cnn.com/2025/05/01/politics/trump-gdp-economy-golden-age-recession-perception
Politics,Global populists once emulated Trump. Now they’re running from him,https://edition.cnn.com/2025/04/30/politics/carney-trump-starmer-macron-world-leaders-change-elections
Politics,"Lawsuits, executive actions, confirmations and golf trips: Key moments in Trump’s first 100 days",https://edition.cnn.com/2025/04/29/politics/donald-trump-actions-100-days-dg
Politics,,https://edition.cnn.com/2025/05/04/politics/video/trump-post-100-percent-tariff-films-produced-outside-united-states-imported-brian-stelter-nr-digvid
Politics,Stelter: Trump ‘trying to punish’ filmmakers making films outside US,https://edition.cnn.com/2025/05/04/politics/video/trump-post-100-percent-tariff-films-produced-outside-united-states-imported-brian-stelter-nr-digvid
Politics,,https://edition.cnn.com/2025/05/04/politics/video/stephen-a-smith-responds-donald-trump-presidential-run-digvid
Sports,,https://edition.cnn.com/2025/01/29/sport/video/champions-league-12905pseg1-cnni-sports-fast
Sports,The remarkable rise of Bodø/Glimt,https://edition.cnn.com/2025/01/29/sport/video/champions-league-12905pseg1-cnni-sports-fast
Sports,,https://edition.cnn.com/2025/03/11/sport/video/jim-best-golf-scuba-diving-spt-intl
Sports,The most unusual job in sports? This scuba diver turns lost golf balls into lucrative business,https://edition.cnn.com/2025/03/11/sport/video/jim-best-golf-scuba-diving-spt-intl
Sports,"NFL fines the Falcons $250,000 and Jeff Ulbrich $100,000 over Shedeur Sanders’ phone number leak",https://edition.cnn.com/2025/04/30/sport/nfl-fines-falcons-jeff-ulbrich-shedeur-sanders-spt
Sports,Jalen Hurts misses Eagles’ White House celebrations while Trump backs the ‘tush push’,https://edition.cnn.com/2025/04/29/sport/eagles-white-house-donald-trump-hurts-swift-spt-intl
Sports,The Shedeur Sanders slide and who were the winners: what we learned from the 2025 NFL draft,https://edition.cnn.com/2025/04/28/sport/2025-nfl-draft-takeaways-spt-intl
Sports,Eagles star Saquon Barkley hangs out with Trump after Jalen Hurts dodges question on White House visit,https://edition.cnn.com/2025/04/28/sport/saquon-barkley-donald-trump-eagles-white-house-spt-intl
Politics,Stephen A. Smith responds to Trump endorsing a possible presidential run,https://edition.cnn.com/2025/05/04/politics/video/stephen-a-smith-responds-donald-trump-presidential-run-digvid
Politics,‘Things better change’: Arizona voters express reservations about Trump’s first 100 days,https://edition.cnn.com/2025/04/28/politics/arizona-voters-trump-presidency
Politics,"‘No friend anymore’: Days from a national election, Canadian voters focus on the US relationship",https://edition.cnn.com/2025/04/24/politics/canada-trump-election-prime-minister-tariffs
Politics,Fact check: Trump falsely claims he warned Americans during his campaign of a tariff ‘transition period’,https://edition.cnn.com/2025/05/01/politics/fact-check-trump-tariff-warning
Politics,Fact check: Trump lies that he’s ‘already served three’ terms as president,https://edition.cnn.com/2025/04/29/politics/president-terms-years-trump-election
Politics,Trump’s top DC prosecutor nominee claims not to recall numerous past controversial statements under oath,https://edition.cnn.com/2025/04/29/politics/kfile-ed-martin-senate-judiciary-committee-controversial-comments
Politics,‘A great friend’: Audio undercuts Trump US attorney nominee’s disavowal of alleged Nazi sympathizer,https://edition.cnn.com/2025/04/28/politics/kfile-ed-martin-disavows-alleged-nazi-sympathizer-he-previously-praised
Politics,What to know about Trump’s proposal to carve up Ukraine,https://edition.cnn.com/2025/04/26/politics/gut-up-to-speed-as-on-ukraine-as-trump-says-a-peace-deal-is-close
Politics,Republicans are targeting a pillar of Obamacare. Millions of their own voters may pay a price,https://edition.cnn.com/2025/04/20/politics/medicaid-expansion-congress-gop-budget
Politics,Why it’s time we change how we talk about conspiracy theories,https://edition.cnn.com/2025/05/03/politics/persuadable-podcast-conspiracy-theories-essay
Politics,What happens with US citizen children caught up in Trump’s deportation push,https://edition.cnn.com/2025/05/03/politics/what-happens-with-us-citizen-children-caught-up-in-trumps-deportation-push
Business,Europe unveils $567 million push to attract researchers as French president decries US ‘mistake’ over science policy,https://edition.cnn.com/2025/05/05/business/europe-france-science-policy-intl
Sports,Jalen Brunson game-winner lifts New York Knicks over Detroit Pistons and into second round of NBA playoffs,https://edition.cnn.com/2025/05/02/sport/knicks-pistons-game-6-nba-playoffs-spt
Sports,Questions swirl over LeBron James’ future as Lakers season comes to a disappointing end,https://edition.cnn.com/2025/05/01/sport/lebron-james-future-lakers-spt
Sports,Rudy Gobert shuts down critics with two playoff career highs as Minnesota Timberwolves eliminate Los Angeles Lakers,https://edition.cnn.com/2025/05/01/sport/minnesota-timberwolves-game-5-la-lakers-spt
Sports,Giannis Antetokounmpo clashes with Tyrese Haliburton’s dad after ‘disrespectful’ behavior as Pacers clinch playoff series win,https://edition.cnn.com/2025/04/30/sport/giannis-antetokounmpo-haliburton-bucks-pacers-game-5-spt
Sports,Fan hospitalized after scary fall from outfield wall during Cubs and Pirates game,https://edition.cnn.com/2025/04/30/sport/fan-hospitalized-after-fall-outfield-wall-pnc-park-spt
Sports,No criminal charges over death of ice hockey player Adam Johnson,https://edition.cnn.com/2025/04/29/sport/adam-johnson-hockey-death-no-charges-spt-intl
Sports,Simone Biles says gymnastics rivalry with friend Rebeca Andrade has ‘pushed the sport forward’,https://edition.cnn.com/2025/04/23/sport/simone-biles-rebeca-andrade-rivarly-spt
Sports,Trump administration orders University of Pennsylvania to erase transgender swimmer’s records,https://edition.cnn.com/2025/04/29/sport/university-pennsylvania-erase-transgender-athletes-records-spt
Politics,Laura Loomer has Donald Trump’s ear. What she wants is a White House press credential,https://edition.cnn.com/2025/05/03/politics/laura-loomer-trump-white-house-briefing-room
Politics,Judge permanently blocks ‘unconstitutional’ Trump order targeting law firm Perkins Coie,https://edition.cnn.com/2025/05/02/politics/perkins-coie-trump-executive-order
Politics,White House actively working to answer how Rubio will balance 2 top national security roles,https://edition.cnn.com/2025/05/02/politics/rubio-national-security-state
Politics,"Trump budget proposes $1 trillion for defense, slashes education, foreign aid, environment, health and public assistance",https://edition.cnn.com/2025/05/02/politics/trump-budget-proposal-defense-spending
Politics,Trump brings DOGE fight over access to Social Security data to Supreme Court,https://edition.cnn.com/2025/05/02/politics/doge-fight-social-security-data-supreme-court
Politics,Rubio and German Foreign Ministry spar on X over comments accusing Germany of ‘tyranny in disguise’,https://edition.cnn.com/2025/05/02/politics/marco-rubio-germany-foreign-ministry-spat
Politics,House Republicans wrestle with how to make $1.5 trillion in cuts,https://edition.cnn.com/2025/05/02/politics/house-republicans-cuts-trump
Politics,CNN experts answer your top questions about Trump’s first 100 days,https://edition.cnn.com/2025/04/24/politics/your-questions-about-trumps-first-100-days
Politics,Fact check: Trump keeps making up gas prices,https://edition.cnn.com/2025/05/02/politics/gas-prices-trump-fact-check
Politics,Trump-appointed judge says president’s use of Alien Enemies Act is unlawful in first-of-its-kind ruling,https://edition.cnn.com/2025/05/01/politics/alien-enemies-act-trump-rodriguez-ruling
Politics,Tennessee authorities release video of Abrego Garcia at a traffic stop that officials have used to paint him as a criminal,https://edition.cnn.com/2025/05/02/politics/tennessee-abrego-garcia-traffic-stop
Business,Skechers is going private during the middle of a trade war,https://edition.cnn.com/2025/05/05/business/skechers-shoes-3g-capital
Business,"The clock is ticking down to zero, and Trump needs a trade deal — badly",https://edition.cnn.com/2025/05/05/business/trade-war-deal-trump
Business,Europe unveils $567 million push to attract researchers as French president decries US ‘mistake’ over science policy,https://edition.cnn.com/2025/05/05/business/europe-france-science-policy-intl
Business,Skechers is going private during the middle of a trade war,https://edition.cnn.com/2025/05/05/business/skechers-shoes-3g-capital
Business,"The clock is ticking down to zero, and Trump needs a trade deal — badly",https://edition.cnn.com/2025/05/05/business/trade-war-deal-trump
Business,Federal student loans are due again. A record percentage of borrowers are seriously delinquent,https://edition.cnn.com/2025/05/05/business/student-debt-collections-delinquent
Business,"Warren Buffett delivered more than a 5,000,000% return to investors. This guy is going to replace him",https://edition.cnn.com/2025/05/05/business/greg-abel-berkshire-buffett
Business,Municipal bond yields offer attractive returns for individual investors. Could Congress kill their tax advantage?,https://edition.cnn.com/2025/05/05/business/municipal-bond-yields-tax-advantage
Business,Temu says it’s only shipping from the US. That doesn’t mean the products are made here,https://edition.cnn.com/2025/05/03/business/temu-shipping-us-china-de-minimis-tariffs
Sports,Tiger Woods’ 2005 Masters chip-in was the shot heard around the world. We almost didn’t see it.,https://edition.cnn.com/2025/04/12/sport/tiger-woods-2005-masters-chip-20-years-later-spt
Sports,Japanese golfer Mao Saigo celebrates first major trophy by jumping in a pond,https://edition.cnn.com/2025/04/28/sport/mao-saigo-chevron-championship-win-spt-intl
Sports,Rory McIlroy says he spoke to two US Presidents after Masters victory,https://edition.cnn.com/2025/04/24/sport/rory-mcilroy-masters-victory-celebrations-golf-spt-intl
Sports,"Rory McIlroy could go onto win 10 majors now Masters ‘shackles are off,’ says men’s captain of his hometown golf club",https://edition.cnn.com/2025/04/19/sport/rory-mcilroy-masters-trevor-heaven-holywood-spt-intl
Sports,"‘Majestic,’ ‘mesmerizing,’ ‘a genius’: How the soccer world reacted to 17-year-old Lamine Yamal’s performance against Inter",https://edition.cnn.com/2025/05/01/sport/lamine-yamal-performance-champions-league-spt-intl
Sports,Harry Maguire talks to CNN about scoring the goal of a lifetime in the ‘craziest’ game of his career,https://edition.cnn.com/2025/05/01/sport/harry-maguire-manchester-united-europa-league-spt
Sports,Coco Gauff hands Iga Świątek one of the worst defeats of her career to reach Madrid Open final,https://edition.cnn.com/2025/05/02/sport/coco-gauff-iga-swiatek-madrid-open-spt-intl
Sports,Jannik Sinner says he considered walking away from tennis over doping ban,https://edition.cnn.com/2025/05/01/sport/jannik-sinner-consider-break-doping-ban-spt-intl
Sports,Tennis legend Andre Agassi ousted in second US Open Pickleball match,https://edition.cnn.com/2025/05/01/sport/andre-agassi-pickleball-us-open-intl-spt
Sports,‘A new reality’: Novak Djokovic pulls out of Italian Open ahead of French Open,https://edition.cnn.com/2025/04/30/sport/novak-djokovic-withdraws-italian-open-intl-spt
Politics,What the House GOP is proposing in its first draft of Trump’s sweeping tax and spending cuts package,https://edition.cnn.com/2025/05/02/politics/what-is-in-trump-tax-spending-cuts-package
Politics,Left in limbo: How federal workers still on the job are coping with chaos,https://edition.cnn.com/2025/05/02/politics/federal-workers-left-in-limbo
Politics,Trump says he wants to rename Veterans Day to ‘Victory Day for World War I’,https://edition.cnn.com/2025/05/02/politics/rename-veterans-day-victory-day
Politics,"With another role in his portfolio, Rubio ascends in Trump’s orbit",https://edition.cnn.com/2025/05/02/politics/marco-rubio-trump-world-mike-waltz
Politics,Trump administration considering labeling some suspected cartel and gang members inside the US as ‘enemy combatants’,https://edition.cnn.com/2025/05/02/politics/trump-administration-considers-labeling-suspected-cartels-gangs-enemy-combatants
Politics,Politico: Ketanji Brown Jackson warns Trump’s rhetoric against judges are ‘attacks on our democracy’,https://edition.cnn.com/2025/05/02/politics/ketanji-brown-jackson-trump-judges
Politics,"Army plans for a potential parade on Trump’s birthday call for 6,600 soldiers",https://edition.cnn.com/2025/05/01/politics/army-plans-military-parade-trump-birthday
Politics,Trump asks Supreme Court to end deportation protections for Venezuelans in the US,https://edition.cnn.com/2025/05/01/politics/trump-asks-supreme-court-to-end-deportation-protections-for-venezuelans-in-the-us
Business,Trump orders a 100% tariff on foreign movies,https://edition.cnn.com/2025/05/04/media/movies-tariff-trump
Business,America’s largest real estate brokerages are fighting over private listings,https://edition.cnn.com/2025/05/05/economy/real-estate-fight-private-listings
Business,Trump says he will lower tariffs on China ‘at some point’,https://edition.cnn.com/2025/05/05/business/trump-lower-tariffs-on-china-intl-hnk
Business,Trump says he would extend TikTok deadline if no deal reached by June 19,https://edition.cnn.com/2025/05/04/business/trump-tiktok-deadline-june-19
Business,Disney’s ‘Thunderbolts’ rallies Marvel fans for a $76 million opening weekend,https://edition.cnn.com/2025/05/04/business/thunderbolts-marvel-box-office
Business,"Trump says good parts of US economy are ‘Trump economy,’ bad parts are ‘Biden economy’",https://edition.cnn.com/2025/05/04/business/trump-economy-tariffs-powell
Business,"On social media, everything from Lady Gaga to knee-high Converse sneakers is a ‘recession indicator’",https://edition.cnn.com/2025/05/04/tech/recession-indicators-tariffs-memes-cec
Business,The Oracle of Omaha takes his last bow. It’ll be a new Berkshire Hathaway from here on out,https://edition.cnn.com/2025/05/04/business/warren-buffett-berkshire-retirement
Sports,,https://edition.cnn.com/2025/02/09/sport/gallery/super-bowl-lix-photos
Sports,Gallery,https://edition.cnn.com/2025/02/09/sport/gallery/super-bowl-lix-photos
Business,Companies keep saying two words that prove they’re worried about the future,https://edition.cnn.com/2025/05/04/business/how-corporate-america-is-responding-to-tariffs
Business,Voice of America’s fate still in flux after appeals court pauses back-to-work orders,https://edition.cnn.com/2025/05/03/media/voice-of-america-return-trump-lake
Business,"Warren Buffett to step down from Berkshire at year’s end, Greg Abel to succeed Oracle of Omaha",https://edition.cnn.com/2025/05/03/business/warren-buffett-berkshire-hathaway-meeting
Business,Analysis: Trump is trying to chill the investigative journalism that holds him to account,https://edition.cnn.com/2025/05/03/media/analysis-trump-world-press-freedom-day-chill-journalism
Business,Why crispy chicken is the latest battleground in fast food,https://edition.cnn.com/2025/05/03/food/chicken-menu-fast-food-competition
Business,Another round of auto tariffs just went into effect. They could change the industry forever,https://edition.cnn.com/2025/05/03/business/auto-parts-tariffs
Business,"Trump shrugs off recession fears, saying a downturn would be OK in the long term",https://edition.cnn.com/2025/05/02/business/trump-recession-nbc-meet-the-press
Business,Zelle is coming back online after an outage for some bank customers,https://edition.cnn.com/2025/05/02/business/zelle-outage-banks-payments
Business,,https://edition.cnn.com/2025/05/05/business/video/tourism-comeback-middle-east-spc
Business,Video,https://edition.cnn.com/2025/05/05/business/video/tourism-comeback-middle-east-spc
Business,,https://edition.cnn.com/2025/05/05/business/video/middle-east-future-proofing-tourism-spc
Business,Video,https://edition.cnn.com/2025/05/05/business/video/middle-east-future-proofing-tourism-spc
Business,,https://edition.cnn.com/2025/05/03/business/video/warren-buffett-comments-trade-tariffs-jack-buffington-supply-chain-expert-digvid
Business,Video,https://edition.cnn.com/2025/05/03/business/video/warren-buffett-comments-trade-tariffs-jack-buffington-supply-chain-expert-digvid
Business,,https://edition.cnn.com/2025/05/02/business/video/kentucky-derby-hats-business-digvid
Business,Video,https://edition.cnn.com/2025/05/02/business/video/kentucky-derby-hats-business-digvid
Business,Ford CEO extends ‘employee pricing.’ But price hikes could come this summer,https://edition.cnn.com/2025/04/30/business/ford-ceo-tariffs
Business,"S&P 500, Dow close out April in the red as economy contracts for first time since 2022",https://edition.cnn.com/2025/04/30/investing/us-stock-market
Business,Are we in a recession? Let’s do a vibe check,https://edition.cnn.com/2025/04/30/business/are-we-in-a-recession-nightcap
Business,"Kids and teens under 18 shouldn’t use AI companion apps, safety group says",https://edition.cnn.com/2025/04/30/tech/ai-companion-chatbots-unsafe-for-kids-report
Business,Europe saw faster economic growth early this year but Trump’s tariffs have dimmed its prospects,https://edition.cnn.com/2025/04/30/economy/europe-economic-growth-tariffs-intl
Business,Trump’s temper has CEOs running scared. They’re missing a huge opportunity,https://edition.cnn.com/2025/04/30/business/trumps-ceos-resistance-nightcap
Business,China’s factories take a big blow as Trump’s tariffs bite,https://edition.cnn.com/2025/04/30/business/china-pmi-factory-activity-tariffs-hnk-intl
Business,,https://edition.cnn.com/2025/05/01/business/video/the-lead-cara-rank-president-trump-tariffs-wedding-ceremonies-stationery-business-jake-tapper
Business,Video,https://edition.cnn.com/2025/05/01/business/video/the-lead-cara-rank-president-trump-tariffs-wedding-ceremonies-stationery-business-jake-tapper
Business,,https://edition.cnn.com/2025/05/02/business/video/the-lead-jeffrey-schwab-victor-schwartz-president-trump-tariffs-wine-spirits-liquor-jake-tapper
Business,Video,https://edition.cnn.com/2025/05/02/business/video/the-lead-jeffrey-schwab-victor-schwartz-president-trump-tariffs-wine-spirits-liquor-jake-tapper
Business,,https://edition.cnn.com/2025/05/02/business/video/mme-clicks-may-2nd
Business,Video,https://edition.cnn.com/2025/05/02/business/video/mme-clicks-may-2nd
Business,,https://edition.cnn.com/2025/05/02/business/video/anderson-intelligent-futures-longevity-05029aseg1-ctw-cnni-business-fast
Business,Video,https://edition.cnn.com/2025/05/02/business/video/anderson-intelligent-futures-longevity-05029aseg1-ctw-cnni-business-fast
Business,,https://edition.cnn.com/2025/04/30/business/video/how-rich-is-the-ivy-league-digvid
Business,Video,https://edition.cnn.com/2025/04/30/business/video/how-rich-is-the-ivy-league-digvid
Business,It’s Tax Day. Still haven’t filed? Tips on how to get an extension and more,https://edition.cnn.com/2025/04/13/success/last-minute-tax-filing-tips
Business,"‘Grand Theft Auto VI’ delayed to May 2026, extending wait for gaming’s most anticipated title",https://edition.cnn.com/2025/05/02/tech/gta-6-release-delayed-may-2026
Business,OpenAI pulls ‘annoying’ and ‘sycophantic’ ChatGPT version,https://edition.cnn.com/2025/05/02/tech/sycophantic-chatgpt-intl-scli
Business,"Trump’s tariffs could cost Apple $900 million this quarter, CEO Tim Cook says",https://edition.cnn.com/2025/05/02/tech/china-apple-trump-tariffs-tim-cook-intl-hnk
Business,New proposed law would require Apple and Google to verify your age before letting you into their app stores,https://edition.cnn.com/2025/05/01/tech/proposed-legislation-app-store-age-verification-lee-james
Business,President Trump signs order seeking to end federal funding for NPR and PBS,https://edition.cnn.com/2025/05/02/media/trump-cpb-pbs-npr-funding-cut-hnk-intl
Business,Radio Free Asia lays off most of its staff amid funding battle with Trump,https://edition.cnn.com/2025/05/02/media/radio-free-asia-lay-offs-amid-trump-funding-battle
Business,Corporation for Public Broadcasting sues Trump over attempted firings,https://edition.cnn.com/2025/04/29/media/corporation-for-public-broadcasting-cpb-lawsuit-trump
Business,‘60 Minutes’ criticizes Paramount on air after its longtime producer quits,https://edition.cnn.com/2025/04/28/media/60-minutes-criticism-paramount-producer-exit
Business,Millennials are giving Gen Z advice for their first potential recession,https://edition.cnn.com/2025/04/27/business/millennials-gen-z-recession-advice
Business,Has the stock market hit bottom? History is a guide,https://edition.cnn.com/2025/04/24/investing/us-stock-market-bottom
Business,"Trump’s trade war will hit US prosperity hard, IMF warns",https://edition.cnn.com/2025/04/22/economy/imf-us-global-economies-tariffs-intl
Business,Stocks tumble and dollar hits three-year low as Trump bashes Powell again,https://edition.cnn.com/2025/04/21/investing/us-stock-market
Business,,https://edition.cnn.com/2025/05/05/business/video/tourism-comeback-middle-east-spc
Business,Video,https://edition.cnn.com/2025/05/05/business/video/tourism-comeback-middle-east-spc
Business,Video,https://edition.cnn.com/2025/05/05/business/video/middle-east-future-proofing-tourism-spc
Business,Video,https://edition.cnn.com/2025/05/03/business/video/warren-buffett-comments-trade-tariffs-jack-buffington-supply-chain-expert-digvid
category,title,url
Sports,Buddy Hield leads Warriors past Rockets in Game 7,https://www.reuters.com/sports/buddy-hield-leads-warriors-past-rockets-game-7-2025-05-05/
Business,"S&P 500, Nasdaq slip after Trump's fresh tariffs at start of Fed-decision week",https://www.reuters.com/business/us-stock-futures-fall-after-trumps-new-tariffs-start-fed-decision-week-2025-05-05/
Arts/Culture/Celebrities,'Thunderbolts' kicks off moviegoing summer with $162 million worldwide,https://www.reuters.com/lifestyle/thunderbolts-kicks-off-domestic-summer-box-office-with-76-million-2025-05-04/
World,"Israel may seize all Gaza in expanded operation, officials say",https://www.reuters.com/world/middle-east/israeli-cabinet-approves-expansion-gaza-offensive-broadcaster-kan-reports-2025-05-05/
category,title,url
Arts/Culture/Celebrities,'Thunderbolts' kicks off moviegoing summer with $162 million worldwide,https://www.reuters.com/lifestyle/thunderbolts-kicks-off-domestic-summer-box-office-with-76-million-2025-05-04/
Sports,Buddy Hield leads Warriors past Rockets in Game 7,https://www.reuters.com/sports/buddy-hield-leads-warriors-past-rockets-game-7-2025-05-05/
Business,"S&P 500, Nasdaq slip after Trump's fresh tariffs at start of Fed-decision week",https://www.reuters.com/business/us-stock-futures-fall-after-trumps-new-tariffs-start-fed-decision-week-2025-05-05/
World,"Israel may seize all Gaza in expanded operation, officials say",https://www.reuters.com/world/middle-east/israeli-cabinet-approves-expansion-gaza-offensive-broadcaster-kan-reports-2025-05-05/
category,title,url
Arts/Culture/Celebrities,'Thunderbolts' kicks off moviegoing summer with $162 million worldwide,https://www.reuters.com/lifestyle/thunderbolts-kicks-off-domestic-summer-box-office-with-76-million-2025-05-04/
Business,"S&P 500, Nasdaq slip after Trump's fresh tariffs at start of Fed-decision week",https://www.reuters.com/business/us-stock-futures-fall-after-trumps-new-tariffs-start-fed-decision-week-2025-05-05/
Sports,Buddy Hield leads Warriors past Rockets in Game 7,https://www.reuters.com/sports/buddy-hield-leads-warriors-past-rockets-game-7-2025-05-05/
Arts/Culture/Celebrities,'Thunderbolts' kicks off moviegoing summer with $162 million worldwide,https://www.reuters.com/lifestyle/thunderbolts-kicks-off-domestic-summer-box-office-with-76-million-2025-05-04/
Business,"S&P 500, Nasdaq slip after Trump's fresh tariffs at start of Fed-decision week",https://www.reuters.com/business/us-stock-futures-fall-after-trumps-new-tariffs-start-fed-decision-week-2025-05-05/
Sports,Buddy Hield leads Warriors past Rockets in Game 7,https://www.reuters.com/sports/buddy-hield-leads-warriors-past-rockets-game-7-2025-05-05/
Arts/Culture/Celebrities,'Thunderbolts' kicks off moviegoing summer with $162 million worldwide,https://www.reuters.com/lifestyle/thunderbolts-kicks-off-domestic-summer-box-office-with-76-million-2025-05-04/
Sports,Buddy Hield leads Warriors past Rockets in Game 7,https://www.reuters.com/sports/buddy-hield-leads-warriors-past-rockets-game-7-2025-05-05/
Arts/Culture/Celebrities,'Thunderbolts' kicks off moviegoing summer with $162 million worldwide,https://www.reuters.com/lifestyle/thunderbolts-kicks-off-domestic-summer-box-office-with-76-million-2025-05-04/
Business,"S&P 500, Nasdaq slip after Trump's fresh tariffs at start of Fed-decision week",https://www.reuters.com/business/us-stock-futures-fall-after-trumps-new-tariffs-start-fed-decision-week-2025-05-05/
Sports,Buddy Hield leads Warriors past Rockets in Game 7,https://www.reuters.com/sports/buddy-hield-leads-warriors-past-rockets-game-7-2025-05-05/
Arts/Culture/Celebrities,'Thunderbolts' kicks off moviegoing summer with $162 million worldwide,https://www.reuters.com/lifestyle/thunderbolts-kicks-off-domestic-summer-box-office-with-76-million-2025-05-04/
Business,"S&P 500, Nasdaq slip after Trump's fresh tariffs at start of Fed-decision week",https://www.reuters.com/business/us-stock-futures-fall-after-trumps-new-tariffs-start-fed-decision-week-2025-05-05/
Sports,Buddy Hield leads Warriors past Rockets in Game 7,https://www.reuters.com/sports/buddy-hield-leads-warriors-past-rockets-game-7-2025-05-05/
Arts/Culture/Celebrities,'Thunderbolts' kicks off moviegoing summer with $162 million worldwide,https://www.reuters.com/lifestyle/thunderbolts-kicks-off-domestic-summer-box-office-with-76-million-2025-05-04/
Business,"S&P 500, Nasdaq slip after Trump's fresh tariffs at start of Fed-decision week",https://www.reuters.com/business/us-stock-futures-fall-after-trumps-new-tariffs-start-fed-decision-week-2025-05-05/
Sports,Buddy Hield leads Warriors past Rockets in Game 7,https://www.reuters.com/sports/buddy-hield-leads-warriors-past-rockets-game-7-2025-05-05/
Arts/Culture/Celebrities,'Thunderbolts' kicks off moviegoing summer with $162 million worldwide,https://www.reuters.com/lifestyle/thunderbolts-kicks-off-domestic-summer-box-office-with-76-million-2025-05-04/
Arts/Culture/Celebrities,'Thunderbolts' kicks off moviegoing summer with $162 million worldwide,https://www.reuters.com/lifestyle/thunderbolts-kicks-off-domestic-summer-box-office-with-76-million-2025-05-04/
Business,"S&P 500, Nasdaq slip after Trump's fresh tariffs at start of Fed-decision week",https://www.reuters.com/business/us-stock-futures-fall-after-trumps-new-tariffs-start-fed-decision-week-2025-05-05/
Sports,Buddy Hield leads Warriors past Rockets in Game 7,https://www.reuters.com/sports/buddy-hield-leads-warriors-past-rockets-game-7-2025-05-05/
Business,"S&P 500, Nasdaq slip after Trump's fresh tariffs at start of Fed-decision week",https://www.reuters.com/business/us-stock-futures-fall-after-trumps-new-tariffs-start-fed-decision-week-2025-05-05/
Arts/Culture/Celebrities,'Thunderbolts' kicks off moviegoing summer with $162 million worldwide,https://www.reuters.com/lifestyle/thunderbolts-kicks-off-domestic-summer-box-office-with-76-million-2025-05-04/
Sports,Buddy Hield leads Warriors past Rockets in Game 7,https://www.reuters.com/sports/buddy-hield-leads-warriors-past-rockets-game-7-2025-05-05/
Business,"S&P 500, Nasdaq slip after Trump's fresh tariffs at start of Fed-decision week",https://www.reuters.com/business/us-stock-futures-fall-after-trumps-new-tariffs-start-fed-decision-week-2025-05-05/
Arts/Culture/Celebrities,'Thunderbolts' kicks off moviegoing summer with $162 million worldwide,https://www.reuters.com/lifestyle/thunderbolts-kicks-off-domestic-summer-box-office-with-76-million-2025-05-04/
Sports,Buddy Hield leads Warriors past Rockets in Game 7,https://www.reuters.com/sports/buddy-hield-leads-warriors-past-rockets-game-7-2025-05-05/
Business,"S&P 500, Nasdaq slip after Trump's fresh tariffs at start of Fed-decision week",https://www.reuters.com/business/us-stock-futures-fall-after-trumps-new-tariffs-start-fed-decision-week-2025-05-05/
Arts/Culture/Celebrities,'Thunderbolts' kicks off moviegoing summer with $162 million worldwide,https://www.reuters.com/lifestyle/thunderbolts-kicks-off-domestic-summer-box-office-with-76-million-2025-05-04/
Sports,Buddy Hield leads Warriors past Rockets in Game 7,https://www.reuters.com/sports/buddy-hield-leads-warriors-past-rockets-game-7-2025-05-05/
Business,"S&P 500, Nasdaq slip after Trump's fresh tariffs at start of Fed-decision week",https://www.reuters.com/business/us-stock-futures-fall-after-trumps-new-tariffs-start-fed-decision-week-2025-05-05/
Arts/Culture/Celebrities,'Thunderbolts' kicks off moviegoing summer with $162 million worldwide,https://www.reuters.com/lifestyle/thunderbolts-kicks-off-domestic-summer-box-office-with-76-million-2025-05-04/
Sports,Buddy Hield leads Warriors past Rockets in Game 7,https://www.reuters.com/sports/buddy-hield-leads-warriors-past-rockets-game-7-2025-05-05/
Business,"S&P 500, Nasdaq slip after Trump's fresh tariffs at start of Fed-decision week",https://www.reuters.com/business/us-stock-futures-fall-after-trumps-new-tariffs-start-fed-decision-week-2025-05-05/
